{
	"class_name" : "PinholeCameraParameters",
	"extrinsic" : 
	[
		0.97191005127544228,
		-0.016051752530826875,
		-0.23480458571002483,
		0.0,
		0.016550100905618339,
		0.99986302616956857,
		0.0001518520555629458,
		0.0,
		0.23476998613490005,
		-0.0040336261257112845,
		0.97204258315698133,
		0.0,
		-0.052579084179209534,
		0.34853315120859857,
		0.81828072419919673,
		1.0
	],
	"intrinsic" : 
	{
		"height" : 800,
		"intrinsic_matrix" : 
		[
			692.82032302755101,
			0.0,
			0.0,
			0.0,
			692.82032302755101,
			0.0,
			599.5,
			399.5,
			1.0
		],
		"width" : 1200
	},
	"version_major" : 1,
	"version_minor" : 0
}