edge_type,edge_count,mean_residual_before,median_residual_before,mean_residual_after,median_residual_after
odometry,5181,0.020510755840502368,0.0,0.022404846902267746,0.0060472764342511375
loop,565,0.7167279688240931,0.7297149104772893,0.05876897067796968,0.03566820053292675
